Tenor (Year),Zero Coupon%  (Semi-annual),Zero Coupon %          (Annualized),YTM% p.a.(Semi-Annual),YTM % p.a.(Annualized)
0.25,5.18,5.25,5.15,5.21
0.5,5.59,5.67,5.59,5.67
0.75,5.8,5.88,5.78,5.87
1.0,5.89,5.98,5.89,5.97
1.25,5.97,6.06,5.96,6.04
1.5,6.06,6.15,6.05,6.14
1.75,6.15,6.24,6.14,6.23
2.0,6.24,6.34,6.23,6.32
2.25,6.31,6.41,6.29,6.39
2.5,6.37,6.47,6.35,6.45
2.75,6.39,6.49,6.37,6.47
3.0,6.4,6.5,6.38,6.48
3.25,6.41,6.51,6.39,6.49
3.5,6.45,6.55,6.43,6.53
3.75,6.5,6.61,6.47,6.58
4.0,6.56,6.67,6.53,6.64
4.25,6.61,6.72,6.57,6.68
4.5,6.65,6.76,6.61,6.72
4.75,6.67,6.78,6.62,6.73
5.0,6.7,6.81,6.65,6.76
5.25,6.76,6.87,6.7,6.82
5.5,6.81,6.93,6.76,6.87
5.75,6.85,6.97,6.79,6.9
6.0,6.87,6.99,6.81,6.92
6.25,6.88,7,6.82,6.93
6.5,6.9,7.02,6.83,6.95
6.75,6.92,7.04,6.85,6.96
7.0,6.94,7.06,6.87,6.99
7.25,6.98,7.1,6.9,7.02
7.5,7.01,7.13,6.93,7.05
7.75,7.04,7.16,6.95,7.07
8.0,7.06,7.18,6.96,7.09
8.25,7.06,7.18,6.96,7.09
8.5,7.05,7.17,6.96,7.08
8.75,7.04,7.16,6.96,7.08
9.0,7.05,7.17,6.97,7.09
9.25,7.07,7.19,6.98,7.11
9.5,7.1,7.23,7,7.13
9.75,7.13,7.26,7.02,7.15
10.0,7.15,7.28,7.05,7.17
10.25,7.17,7.3,7.06,7.18
10.5,7.18,7.31,7.06,7.19
10.75,7.17,7.3,7.06,7.19
11.0,7.17,7.3,7.06,7.19
11.25,7.16,7.29,7.06,7.18
11.5,7.16,7.29,7.06,7.18
11.75,7.16,7.29,7.06,7.18
12.0,7.16,7.29,7.06,7.19
12.25,7.17,7.3,7.07,7.19
12.5,7.17,7.3,7.07,7.2
12.75,7.18,7.31,7.08,7.2
13.0,7.19,7.32,7.09,7.21
13.25,7.2,7.33,7.09,7.22
13.5,7.22,7.35,7.11,7.23
13.75,7.23,7.36,7.11,7.24
14.0,7.25,7.38,7.13,7.25
14.25,7.27,7.4,7.14,7.26
14.5,7.29,7.42,7.15,7.28
14.75,7.31,7.44,7.16,7.29
15.0,7.33,7.46,7.18,7.31
15.25,7.36,7.5,7.19,7.32
15.5,7.38,7.52,7.21,7.34
15.75,7.4,7.54,7.22,7.35
16.0,7.43,7.57,7.23,7.36
16.25,7.45,7.59,7.25,7.38
16.5,7.48,7.62,7.26,7.39
16.75,7.5,7.64,7.28,7.41
17.0,7.53,7.67,7.29,7.42
17.25,7.55,7.69,7.3,7.44
17.5,7.58,7.72,7.32,7.45
17.75,7.6,7.74,7.33,7.46
18.0,7.63,7.78,7.34,7.48
18.25,7.65,7.8,7.36,7.49
18.5,7.68,7.83,7.37,7.51
18.75,7.7,7.85,7.38,7.52
19.0,7.72,7.87,7.39,7.53
19.25,7.74,7.89,7.4,7.54
19.5,7.77,7.92,7.42,7.55
19.75,7.79,7.94,7.42,7.56
20.0,7.81,7.96,7.44,7.57
20.25,7.83,7.98,7.44,7.58
20.5,7.85,8,7.46,7.59
20.75,7.86,8.01,7.46,7.6
21.0,7.88,8.04,7.47,7.61
21.25,7.9,8.06,7.48,7.62
21.5,7.92,8.08,7.49,7.63
21.75,7.93,8.09,7.5,7.64
22.0,7.95,8.11,7.5,7.65
22.25,7.96,8.12,7.51,7.65
22.5,7.98,8.14,7.52,7.66
22.75,7.99,8.15,7.52,7.67
23.0,8.01,8.17,7.53,7.67
23.25,8.02,8.18,7.54,7.68
23.5,8.03,8.19,7.54,7.69
23.75,8.04,8.2,7.55,7.69
24.0,8.05,8.21,7.55,7.7
24.25,8.06,8.22,7.56,7.7
24.5,8.07,8.23,7.56,7.71
24.75,8.08,8.24,7.57,7.71
25.0,8.09,8.25,7.57,7.72
25.25,8.1,8.26,7.57,7.72
25.5,8.11,8.27,7.58,7.72
25.75,8.12,8.28,7.58,7.73
26.0,8.12,8.28,7.59,7.73
26.25,8.13,8.3,7.59,7.73
26.5,8.14,8.31,7.59,7.74
26.75,8.14,8.31,7.59,7.74
27.0,8.15,8.32,7.6,7.74
27.25,8.15,8.32,7.6,7.74
27.5,8.16,8.33,7.6,7.75
27.75,8.16,8.33,7.6,7.75
28.0,8.16,8.33,7.61,7.75
28.25,8.17,8.34,7.61,7.75
28.5,8.17,8.34,7.61,7.76
28.75,8.18,8.35,7.61,7.76
29.0,8.18,8.35,7.62,7.76
29.25,8.19,8.36,7.62,7.76
29.5,8.19,8.36,7.62,7.77
29.75,8.2,8.37,7.62,7.77
30.0,8.2,8.37,7.63,7.77
30.25,8.21,8.38,7.63,7.77
30.5,8.22,8.39,7.63,7.78
30.75,8.22,8.39,7.63,7.78
31.0,8.23,8.4,7.64,7.78
31.25,8.24,8.41,7.64,7.78
31.5,8.25,8.42,7.64,7.79
31.75,8.25,8.42,7.64,7.79
32.0,8.26,8.43,7.65,7.79
32.25,8.27,8.44,7.65,7.79
32.5,8.28,8.45,7.65,7.8
32.75,8.29,8.46,7.65,7.8
33.0,8.29,8.46,7.66,7.8
33.25,8.3,8.47,7.66,7.8
33.5,8.31,8.48,7.66,7.81
33.75,8.32,8.49,7.66,7.81
34.0,8.33,8.5,7.67,7.81
34.25,8.33,8.5,7.67,7.81
34.5,8.34,8.51,7.67,7.82
34.75,8.35,8.52,7.67,7.82
35.0,8.35,8.52,7.67,7.82
35.25,8.36,8.53,7.67,7.82
35.5,8.37,8.55,7.68,7.82
35.75,8.37,8.55,7.68,7.82
36.0,8.38,8.56,7.68,7.83
36.25,8.38,8.56,7.68,7.83
36.5,8.39,8.57,7.68,7.83
36.75,8.39,8.57,7.68,7.83
37.0,8.39,8.57,7.68,7.83
37.25,8.4,8.58,7.68,7.83
37.5,8.4,8.58,7.69,7.83
37.75,8.4,8.58,7.69,7.83
38.0,8.4,8.58,7.69,7.84
38.25,8.4,8.58,7.69,7.84
38.5,8.4,8.58,7.69,7.84
38.75,8.4,8.58,7.69,7.84
39.0,8.4,8.58,7.69,7.84
39.25,8.4,8.58,7.69,7.84
39.5,8.39,8.57,7.69,7.84
39.75,8.39,8.57,7.69,7.84
40.0,8.39,8.57,7.69,7.84
40.25,8.38,8.56,7.69,7.84
40.5,8.38,8.56,7.69,7.84
40.75,8.38,8.56,7.69,7.84
41.0,8.37,8.55,7.69,7.84
41.25,8.37,8.55,7.69,7.84
41.5,8.36,8.53,7.69,7.84
41.75,8.36,8.53,7.69,7.84
42.0,8.35,8.52,7.69,7.84
42.25,8.35,8.52,7.69,7.84
42.5,8.34,8.51,7.69,7.84
42.75,8.34,8.51,7.69,7.84
43.0,8.33,8.5,7.69,7.84
43.25,8.33,8.5,7.69,7.84
43.5,8.32,8.49,7.69,7.84
43.75,8.31,8.48,7.69,7.84
44.0,8.31,8.48,7.69,7.84
44.25,8.3,8.47,7.69,7.84
44.5,8.29,8.46,7.69,7.84
44.75,8.28,8.45,7.69,7.83
45.0,8.28,8.45,7.69,7.84
45.25,8.27,8.44,7.69,7.83
45.5,8.26,8.43,7.69,7.83
45.75,8.25,8.42,7.69,7.83
46.0,8.25,8.42,7.69,7.83
46.25,8.24,8.41,7.68,7.83
46.5,8.23,8.4,7.69,7.83
46.75,8.22,8.39,7.68,7.83
47.0,8.21,8.38,7.68,7.83
47.25,8.21,8.38,7.68,7.83
47.5,8.2,8.37,7.68,7.83
47.75,8.19,8.36,7.68,7.83
48.0,8.18,8.35,7.68,7.83
48.25,8.17,8.34,7.68,7.83
48.5,8.16,8.33,7.68,7.83
48.75,8.15,8.32,7.68,7.83
49.0,8.15,8.32,7.68,7.83
49.25,8.14,8.31,7.68,7.83
49.5,8.13,8.3,7.68,7.83
49.75,8.12,8.28,7.68,7.83
50.0,8.11,8.27,7.68,7.83
